{"ChoppingBoard": 2.8373771522039912, "WhiteChair": 0.004192898239059435, "BlackKitchenChair": 0.08286965753712461, "KitchenKnife": 4.414761783218427, "WoodenSpoon": 5.772493747689237, "WoodenFork": 3.1900810156695254, "Donut_B": 5.89351345477391, "Cereal_Anon": 4.141828639975905, "DinoToy": 0.6730358585124836, "WoodenToothbrushHolder": 0.05202145398401496, "Cracker_Anon": 5.27294316886068, "BlackCeramicMug": 4.167814169491192}